full name,phone number
Oroni Brian,0702357053
Oroni Brian,0702357053
Oroni Brian,0702357053
Oroni Brian,0702357053
Oroni Brian,0702357053
Sophia (f),0702357053
Scarlett (f),0702357053
Stella (f),0702357053
Sebastian (m),0702357053
Samuel (m),0702357053
Santiago (m),0702357053
Olivia (f),0702357053
Oliver (m),0702357053
Owen (m),0702357053
Luna (f),0702357053
Layla (f),0702357053
Lily (f),0702357053
Liam (m),0702357053
Lucas (m),0702357053
Logan (m),0702357053
Emma (f),0702357053
Evelyn (f),0702357053
Emily (f),0702357053
Elijah (m),0702357053
Ethan (m),0702357053
Ezra (m),0702357053
Ava (f),0702357053
Amelia (f),0702357053
Abigail (f),0702357053
Alexander (m),0702357053
Aiden (m),0702357054
Anthony (m),0702357055
